Date,BA,UNH,AAPL,HD,GS,MCD,V,MMM,MSFT,UTX,DIS,IBM,TRV,CAT,JNJ,PG,JPM,WMT,AXP,CVX,NKE,MRK,XOM,VZ,WBA,KO,INTC,CSCO,DOW,PFE
36556,44.5,6.625,3.705357143,56.625,91.625,37.375,,46.8125,48.9375,26.46875,35.82971805,112.25,30.1875,21.21875,43.03125,50.53125,53.79166667,54.75,48.07120532,41.8125,5.6875,74.41521308,41.4375,55.51739027,27.9375,28.71875,49.46875,54.75,,36.1875
36585,36.9375,6.390625,4.09375,57.5,92.5,31.75,,44.09375,44.6875,25.46875,33.5479632,102.75,22.375,17.53125,36,43.9375,53.08333333,48.75,39.15359553,37.34375,3.5546875,58.26628369,37.65625,43.86490069,25.8125,24.3125,56.5,66.09375,,32.125
36616,37.8125,7.453125,4.850446429,64.5,105.25,37.375,,44.28125,53.125,31.59375,40.701573,118.375,34.125,19.71875,35.125,28.375,58.125,56.5,43.45739085,46.21875,4.953125,58.79866598,39,54.78910968,25.75,23.46875,65.96875,77.3125,,36.5625
36644,39.6875,8.3359375,4.430803571,56.5,93.25,38.0625,,43.3125,34.875,31.09375,43.0449969,111.5,35.625,19.71875,41.25,29.875,48.08333333,55.375,43.62151863,42.5625,5.4296875,65.7787893,38.84375,53.78072115,28.125,23.625,63.40625,69.328125,,42.125
36677,39.0625,9.3203125,3,49,73.5625,35.8125,,42.875,31.28125,30.21875,41.62660875,107.3125,37.5,19.125,44.75,33.25,49.79166667,57.625,47.2688028,46.21875,5.359375,70.62938348,41.65625,47.39426052,28.375,26.6875,62.34375,56.9375,,44.5
36707,41.8125,10.71875,3.741071429,49.9375,94.7734375,32.9375,,41.5,40,29.4375,38.29648005,109.5625,34.125,16.9375,50.9375,28.375,46.0625,57.625,45.62752493,42.40625,4.9765625,72.52229828,39.25,45.54554823,32.1875,28.71875,66.84375,63.5625,,48
36738,48.8125,10.2265625,3.629464286,51.75,98.6875,31.6875,,45.03125,34.90625,29.1875,38.04980385,112.25,44.4375,17.03125,46.53125,28.5,49.8125,55.25,49.62130109,39.4921875,5.46875,67.81958807,40.09375,41.90414523,31.1875,30.65625,66.75,65.4375,,43.375
36769,53.640625,11.81494531,4.352678571,48.0625,129.5,29.8945625,,46.50978125,34.90625,31.21875,38.43912056,132.015625,47.515625,18.38478125,45.97853125,30.91603125,55.875,47.625,51.65922112,42.25978125,4.947757813,66.1522259,40.82228125,39.00502823,32.8945625,26.32228125,74.875,68.625,,43.140625
36798,64.5,12.34375,1.839285714,52.9375,114.0625,30.1875,,45.5625,30.15625,34.6875,37.7414586,112.625,50.375,15.5,46.96875,33.5,46.1875,48.125,53.17740315,42.625,5.0078125,70.45192271,44.55275,43.41672801,37.9375,27.5625,41.5625,55.25,,44.918
36830,67.8125,13.671875,1.397321429,43,99.8125,31,,48.3125,34.4375,34.90625,35.33636565,98.5,51.25,17.53125,46.0625,35.71875,45.5,45.375,52.520892,41.0625,4.9921875,85.12201241,44.59375,51.8199657,45.625,30.1875,45,53.875,,43.1875
36860,69.0625,14.6640625,1.178571429,39.1875,82.125,31.875,,49.9375,28.6875,35.40625,28.55277015,93.5,50.125,19.65625,50,37.4375,36.875,52.1875,48.08944174,40.9375,5.328125,87.72477026,44,50.3634045,44.5625,31.3125,38.0625,47.875,,44.3125
36889,66,15.34375,1.0625,45.6875,106.9375,34,,60.25,21.6875,39.3125,28.55277015,85,54.3125,23.65625,52.53125,39.21875,45.4375,53.125,48.08944174,42.21875,6.9765625,88.61207408,43.46875,44.9293108,41.8125,30.46875,30.0625,38.25,,46
36922,58.5,14.1025,1.544642857,48.2,113.75,29.35,,55.325,30.53125,37.49,30.04516116,112,48.02,22.11,46.565,35.92,54.99,56.8,41.22890022,41.64,6.8775,77.77986913,42.075,49.25417712,40.94,29,37,37.4375,,45.15
36950,62.2,14.8075,1.303571429,42.5,91.75,29.4,,56.375,29.5,38.955,30.53851356,99.9,46.29,20.8,48.665,35.25,46.66,50.09,38.41027902,42.83,4.88125,75.90588348,40.525,44.36909495,44.32,26.515,28.5625,23.6875,,45
36980,55.71,14.815,1.576428571,43.1,85.1,26.55,,51.95,27.34375,36.65,28.21975728,96.18,44.05,22.19,43.735,31.3,44.9,50.5,36.15188066,43.9,5.06875,71.83611666,40.5,44.18982588,40.8,22.58,26.3125,15.8125,,40.95
37011,61.8,16.37,1.820714286,47.1,91.1,27.5,,59.505,33.875,39.04,29.8478202,115.14,45.1,25.1,48.24,30.025,47.98,51.74,37.14977761,48.28,5.22625,71.90236868,44.3,49.36173857,42.78,23.095,30.91,16.98,,43.3
37042,62.89,14.375,1.425,49.29,95.1,30.28,,59.29,34.59,41.655,31.19960578,111.8,50.6,27.08,48.475,32.12,49.15,51.75,36.86966618,48.025,5.1375,69.08192563,44.375,49.16454259,40.19,23.7,27.01,19.26,,42.89
37071,55.6,15.4375,1.660714286,46.55,85.8,27.06,,57.05,36.5,36.63,28.50590167,113,50.7,25.025,50,31.9,44.47,48.8,33.96351016,45.25,5.24875,60.48809243,43.675,47.95447636,34.46,22.5,29.25,18.2,,40.05
37103,58.53,16.855,1.342142857,50.37,83.16,29.14,,55.94,33.095,36.7,25.99967148,105.21,43.85,27.55,54.1,35.51,43.3,55.9,35.30279291,45.695,5.94375,64.34017405,41.76,48.53710084,33.7,22.3,29.81,19.22,,41.22
37134,51.2,17.015,1.325,45.95,80.1,30.03,,52.05,28.525,34.2,25.09190306,99.95,42.03,25,52.71,37.075,39.4,48.05,31.88018144,45.375,6.25,61.61437674,40.15,44.81726763,34.35,24.335,27.96,16.33,,38.31
37162,33.5,16.625,1.107857143,38.37,71.35,27.14,,49.2,25.585,23.25,18.37244338,91.72,41.22,22.4,55.4,36.395,34.15,49.5,25.43761869,42.375,5.85125,63.03406284,39.4,48.50124703,34.43,23.425,20.44,12.18,,40.1
37195,32.6,16.4375,1.254285714,38.23,78.16,26.07,,52.19,29.075,26.945,18.34284223,108.07,45.9,22.36,57.91,36.89,35.36,51.4,25.76149753,44.275,6.17,60.39344669,39.45,44.64696201,32.38,23.94,24.42,16.92,,41.9
37225,35.1,17.8625,1.521428571,46.65,89,26.84,,57.29,32.105,30.1,20.19784726,115.59,47.08,23.71,58.25,38.73,37.72,55.15,28.80770926,42.505,6.62375,64.12248885,37.4,42.12823157,33,23.48,32.66,20.44,,43.31
37256,38.78,17.6925,1.564285714,51.01,92.75,26.47,,59.105,33.125,32.315,20.44452346,120.96,43.97,26.125,59.1,39.565,36.35,57.55,31.24117726,44.805,7.03,55.65169512,39.3,42.54055043,33.66,23.575,31.45,18.11,,39.85
37287,40.95,18.5875,1.765714286,50.09,86.98,27.18,,55.5,31.855,34.365,20.78000309,107.89,44.7,25.14,57.51,40.84,34.05,59.98,31.38123297,41.9,7.48875,56.01134893,39.05,41.54560709,36.28,21.875,35.04,19.8,,41.67
37315,45.96,18.1225,1.55,50,80.94,26.1,,58.965,29.17,36.475,22.6942104,98.12,48.9,27.755,60.9,42.395,29.25,62.01,31.90644189,42.22,7.3575,58.04623234,41.3,41.9489625,40.24,23.695,28.55,14.27,,40.96
37344,48.25,19.105,1.690714286,48.61,90.25,27.75,,57.505,30.155,37.1,22.77314678,104,45.85,28.425,64.95,45.045,35.65,61.3,35.85426227,45.135,7.50125,54.49701709,43.83,41.32152075,39.19,26.13,30.41,16.93,,39.74
37376,44.6,21.9525,1.733571429,46.37,78.75,28.4,,62.9,26.13,35.085,22.87181726,83.76,49.81,27.31,63.86,45.13,35.1,55.86,35.89802968,43.355,6.66625,51.43049512,40.17,35.95241209,37.77,27.755,28.61,14.65,,36.35
37407,42.65,22.7,1.664285714,41.69,75.45,29.94,,62.715,25.455,34.435,22.60540697,80.45,42.61,26.135,61.35,44.775,35.95,54.1,37.21105198,43.625,6.71875,54.04271754,39.93,38.54285016,38.26,27.78,27.62,15.78,,34.6
37435,45,22.8875,1.265714286,36.73,73.35,28.45,,61.5,27.35,33.95,18.64872072,72,38.92,24.475,52.26,44.65,33.92,55.01,31.79264662,44.25,6.70625,47.92860274,40.92,35.98826591,38.63,28,18.27,13.95,,35
37468,41.52,21.915,1.09,30.88,73.15,24.75,,62.915,23.99,34.75,17.4942761,70.4,31.21,22.35,53,44.495,24.96,49.18,30.86477753,37.5,6.16125,46.94428704,36.76,29.57939663,35.33,24.97,18.79,13.19,,32.35
37498,37.07,22.0875,1.053571429,32.93,77.3,23.76,,62.475,24.54,29.695,15.47153126,75.38,30.42,21.82,54.31,44.325,26.4,53.48,31.56505609,38.315,5.3975,47.81502785,35.45,27.78670593,34.75,25.5,16.67,13.82,,33.08
37529,34.13,21.805,1.035714286,26.1,66.03,17.66,,54.985,21.87,28.245,14.93871067,58.31,28.72,18.61,54.08,44.69,18.99,49.24,27.29335688,34.625,5.3975,43.26256775,31.9,24.59571647,30.76,23.98,13.89,10.48,,29.02
37560,29.75,22.7375,1.147857143,28.88,71.6,18.11,,63.47,26.735,30.835,16.47797016,78.94,32.8,20.425,58.75,44.225,20.75,53.55,31.83641403,33.815,5.89875,51.33584938,33.66,33.84600051,33.75,23.24,17.3,11.18,,31.77
37589,34.05,20.3625,1.107142857,26.4,78.87,18.5,,64.925,28.84,31.235,19.55648914,86.92,37.24,24.95,57.02,42.265,25.17,53.9,34.07730543,33.515,5.5975,56.22903413,34.8,37.53894337,28.79,22.82,20.88,14.92,,31.53
37621,32.99,20.875,1.023571429,24.02,68.1,16.08,,61.65,25.85,30.97,16.09315529,77.5,34.05,22.86,53.71,42.97,24,50.51,30.94355887,33.24,5.55875,53.57895341,34.94,34.73338241,29.19,21.92,15.57,13.1,,30.57
37652,31.59,21.975,1.025714286,20.9,68.1,14.24,,62.275,23.73,31.79,17.267334,78.2,32.64,21.99,53.61,42.785,23.34,47.8,31.10112155,32.2,5.5675,52.42427539,34.15,34.3121001,29,20.23,15.7,13.37,,30.36
37680,27.56,20.725,1.072142857,23.45,69.45,13.61,,62.685,23.7,29.29,16.83318389,77.95,30.86,23.5,52.45,40.93,22.68,48.06,29.39419256,32.085,5.79625,49.92562785,34.02,30.99562229,28.14,20.11,17.26,13.98,,29.82
37711,25.06,22.9175,1.01,24.36,68.08,14.46,,65.015,24.21,28.89,16.7937157,78.43,31.8,24.6,57.87,44.525,23.71,52.03,29.08782069,32.325,6.4275,51.84693637,34.95,31.68580821,29.48,20.24,16.28,12.98,,31.16
37741,27.28,23.0325,1.015714286,28.13,75.9,17.1,,63.02,25.56,30.905,18.41191157,84.9,34.34,26.3,56.36,44.925,29.35,56.32,33.14068285,31.405,6.69125,55.06489153,35.2,33.50538928,30.86,20.2,18.37,15,,30.75
37771,30.67,23.985,1.282142857,32.49,81.5,18.73,,63.235,24.61,34.125,19.38874932,88.04,36.58,26.075,54.35,45.91,32.86,52.61,36.46700601,35.47,6.99875,52.60410229,36.4,33.92667159,30.79,22.785,20.82,16.41,,31.02
37802,34.32,25.125,1.361428571,33.12,83.75,22.06,,64.49,25.64,35.415,19.4874198,82.5,36.51,27.83,51.7,44.59,34.18,53.67,36.59830824,36.1,6.68625,57.30799557,35.91,35.36082416,30.1,23.205,20.81,16.79,,34.15
37833,33.12,26.045,1.505714286,31.2,87.14,23.01,,70.1,26.41,37.615,21.62856922,81.25,35.17,33.735,51.79,43.935,35.05,55.91,38.66412999,36.055,6.4675,52.32016507,35.58,31.37208734,29.92,22.485,24.89,19.49,,33.36
37862,37.39,24.715,1.615,32.16,88.49,22.42,,71.235,26.52,40.125,20.2274484,82.01,34.76,35.915,49.58,43.645,34.22,59.17,39.43443641,36.435,7.1225,50.32,37.7,31.65891785,32.57,21.76,28.59,19.14,,29.92
37894,34.33,25.16,1.48,31.85,83.9,23.54,,69.07,27.8,38.64,19.90183582,88.33,37.03,34.42,49.52,46.41,34.33,55.85,39.44318989,35.725,7.6025,50.62,36.6,29.07744324,30.64,21.48,27.52,19.59,,30.38
37925,38.49,25.44,1.635,37.07,93.9,25,,78.87,26.14,42.345,22.33899667,89.48,38.13,36.64,50.33,49.145,35.9,58.95,41.08009103,37.15,7.9875,44.25,36.58,30.11720385,34.82,23.2,32.95,20.93,,31.6
37953,38.39,26.95,1.493571429,36.76,96.08,25.63,,79.04,25.71,42.85,22.78301383,90.54,37.1,38.025,49.3,48.12,35.4,55.64,40.01216622,37.55,8.40625,40.6,36.2,29.43598138,36.81,23.25,33.54,22.7,,33.57
37986,42.14,29.09,1.526428571,35.49,98.73,24.83,,85.03,27.37,47.385,23.01982298,92.68,39.65,41.51,51.66,49.94,36.73,53.05,42.21804369,43.195,8.5575,46.2,41,31.44379497,36.38,25.375,32.05,24.23,,35.33
38016,41.75,30.44,1.611428571,35.47,99.55,25.74,,79.09,27.65,47.77,23.6809152,99.23,42.13,39.065,53.42,50.54,38.89,53.85,45.37805069,43.175,8.7075,47.6,40.79,33.0392897,34.55,24.62,30.52,25.71,,36.63
38044,43.37,31,1.708571429,36.31,105.87,28.3,,78.02,26.53,46.055,26.17727834,96.5,42.74,37.875,53.91,51.255,41.02,59.56,46.76110084,44.175,9.15625,48.08,42.17,34.35691736,35.66,24.98,29.2,23.16,,36.65
38077,41.07,32.22,1.931428571,37.36,104.35,28.57,,81.87,24.93,43.15,24.65775295,91.84,40.01,39.535,50.72,52.44,41.95,59.69,45.38680417,43.89,9.73375,44.19,41.59,32.75245918,32.95,25.15,27.2,23.57,,35.05
38107,42.69,30.74,1.841428571,35.19,96.75,27.23,,86.48,26.13,43.13,22.72381154,88.17,40.67,38.865,54.03,52.875,37.6,57,42.84829439,45.75,8.99375,47,42.55,33.82807361,34.48,25.285,25.73,20.91,,35.76
38138,45.8,32.625,2.004285714,35.92,93.91,26.4,,84.56,26.23,42.305,23.15796166,88.59,39.68,37.675,55.71,53.91,36.84,55.73,44.38015374,45.2,8.89375,47.3,43.25,30.99562229,35.01,25.675,28.55,22.37,,35.34
38168,51.09,31.125,2.324285714,35.2,94.16,26,,90.01,28.56,45.74,25.15110535,88.15,40.54,39.72,55.7,54.44,38.77,52.76,44.97539052,47.055,9.46875,47.5,44.41,32.43873831,36.21,25.24,27.6,23.7,,34.28
38198,50.75,31.45,2.31,33.72,88.19,27.5,,82.36,28.49,46.75,22.78301383,87.07,37.07,36.745,55.27,52.15,37.33,53.01,43.98624705,47.825,9.08875,45.35,46.3,34.54514989,36.4,21.93,24.38,20.92,,31.96
38230,52.22,33.065,2.463571429,36.56,89.65,27.02,,82.36,27.3,46.955,22.15152276,84.69,34.69,36.35,58.1,55.97,39.58,52.67,43.78491696,48.75,9.41375,44.97,46.1,35.18155509,36.45,22.355,21.29,18.76,,32.67
38260,51.62,36.87,2.767857143,39.2,93.24,28.03,,79.97,27.65,46.69,22.25019324,85.74,33.06,40.225,56.33,54.12,39.73,53.2,45.04541837,53.64,9.85,33,48.33,35.29807998,35.83,20.025,20.06,18.1,,30.6
38289,49.9,36.2,3.742857143,41.08,98.38,29.15,,77.57,27.97,46.41,24.88469506,89.75,33.96,40.27,58.38,51.18,38.6,53.92,46.45472897,53.06,10.16375,31.31,49.22,35.04710329,35.89,20.33,22.26,19.21,,28.95
38321,53.57,41.425,4.789285714,41.75,104.76,30.74,,79.59,26.81,48.79,26.52262502,94.24,36.48,45.775,60.32,53.48,37.65,52.06,48.76564822,54.6,10.5825,28.02,51.25,36.95631889,38.18,19.655,22.38,18.75,,27.77
38352,51.77,44.015,4.6,42.74,104.04,32.06,,82.07,26.72,51.675,27.43039344,98.58,37.07,48.755,63.42,55.08,39.01,52.82,49.34337803,52.51,11.33625,32.14,51.26,36.31095023,38.37,20.82,23.39,19.32,,26.89
38383,50.6,44.45,5.492857143,41.26,107.85,32.39,,84.36,26.28,50.34,28.24935842,93.42,37.54,44.55,64.7,53.23,37.33,52.4,46.69982647,54.4,10.82875,28.05,51.6,31.9009311,42.61,20.745,22.45,18.04,,24.16
38411,54.97,45.58,6.408571429,40.02,108.8,33.08,,83.94,25.16,49.94,27.56853211,92.58,38.32,47.525,65.6,53.09,36.55,51.61,47.40010503,62.08,10.86875,31.7,63.31,32.24154233,42.83,21.4,23.99,17.42,,26.29
38442,58.46,47.69,5.952857143,38.24,109.99,31.14,,85.69,24.17,50.83,28.3480289,91.38,36.73,45.72,67.16,53,34.6,50.11,44.96663703,58.31,10.41375,32.37,59.6,31.82026002,44.42,20.835,23.23,17.89,,26.27
38471,59.52,47.255,5.151428571,35.37,106.79,29.31,,76.47,25.3,50.86,26.04900672,76.38,35.8,44.025,68.63,54.15,35.49,47.14,46.13085014,52,9.60125,33.9,57.03,32.08916362,43.06,21.72,23.52,17.27,,27.17
38503,63.9,48.58,5.679901786,39.35,97.5,30.94,,76.65,25.8,53.35,27.07517971,75.55,37.88,47.055,67.1,55.15,35.75,47.23,47.13750057,53.78,10.275,32.44,56.2,31.71269857,45.34,22.315,26.96,19.4,,27.9
38533,66,52.14,5.258571429,38.9,102.02,27.75,,72.3,24.84,51.35,24.84522686,74.2,39.53,47.655,65,52.75,35.32,48.2,46.59478469,55.92,10.825,30.8,57.47,30.96873193,45.99,20.875,26.02,19.08,,27.58
38562,66.01,52.3,6.092857143,43.51,107.48,31.17,,75,25.61,50.7,25.29911107,83.46,44.02,53.91,63.96,55.63,35.14,49.35,48.144151,58.01,10.475,31.06,58.75,30.68190142,47.86,21.88,27.14,19.15,,26.5
38595,67.02,51.5,6.698571429,40.32,111.18,32.45,,71.15,27.38,50,24.85509391,80.62,43.01,55.49,63.39,55.48,33.89,44.96,48.35423457,61.4,9.86375,28.23,59.9,29.31945648,46.33,22,25.72,17.62,,25.48
38625,67.95,56.2,7.658571429,38.14,121.58,33.49,,73.36,25.73,51.84,23.80918682,80.22,44.87,58.75,63.28,59.46,33.93,43.82,50.28000061,64.73,10.21,27.21,63.54,29.30152958,43.45,21.595,24.65,17.92,,24.97
38656,64.64,57.89,8.227142857,41.04,126.37,31.6,,75.98,25.7,51.28,24.04599598,81.88,45.03,52.59,62.62,55.99,36.62,47.31,49.77,57.07,10.50625,28.22,56.14,28.24384206,45.43,21.39,23.5,17.45,,21.74
38686,68.19,59.86,9.688571429,41.78,128.96,33.85,,78.48,27.68,53.84,24.59855066,88.9,46.53,57.78,61.75,57.19,38.25,48.56,51.42,57.31,10.6625,29.4,58.03,28.66512437,45.68,21.345,26.68,17.54,,21.2
38716,70.24,62.14,10.27,40.48,127.71,33.72,,77.5,26.15,55.91,23.65131406,82.2,44.67,57.77,60.1,57.88,39.69,46.8,51.46,56.77,10.84875,31.81,56.17,26.99792202,44.26,20.155,24.96,17.12,,23.32
38748,68.31,59.42,10.78714286,40.55,141.25,35.01,,72.75,28.15,58.37,24.97349849,81.3,45.38,67.9,57.54,59.23,39.75,46.11,52.45,59.38,10.11875,34.5,62.75,28.37829386,43.28,20.69,21.255,18.57,,25.68
38776,72.69,58.23,9.784285714,42.15,141.29,34.91,,73.59,26.87,58.5,27.61786735,80.24,42.98,73.08,57.65,59.93,41.14,45.36,53.88,56.48,10.8475,34.86,59.37,30.20683838,44.86,20.985,20.6,20.24,,26.19
38807,77.93,55.86,8.96,42.3,156.96,34.36,,75.69,27.21,57.97,27.51919687,82.47,41.79,71.81,59.22,57.63,41.64,47.24,52.55,57.97,10.6375,35.23,60.86,30.52952271,43.13,20.935,19.46,21.67,,24.92
38835,83.45,49.74,10.05571429,39.93,160.29,34.57,,85.43,24.15,62.81,27.58826621,82.34,44.03,75.74,58.61,58.21,45.38,45.03,53.81,61.02,10.23,34.42,63.08,29.606287,41.93,20.98,19.98,20.95,,25.33
38868,83.25,43.96,8.538571429,38.12,150.95,33.17,,83.66,22.65,62.52,30.0944964,79.9,44.02,72.95,60.22,54.25,42.64,48.45,54.36,59.79,10.03875,33.29,60.91,27.97493845,40.6,22.015,18.02,19.68,,23.66
38898,81.91,44.78,8.181428571,35.79,150.43,33.6,,80.77,23.3,63.42,29.601144,76.82,44.58,74.48,59.92,55.6,42,48.17,53.22,62.06,10.125,36.43,61.35,30.01860586,44.84,21.51,19,19.53,,23.47
38929,77.42,47.83,9.708571429,34.71,152.75,35.39,,70.4,24.06,62.19,29.29526551,77.41,45.8,70.87,62.55,56.2,45.62,44.5,52.06,65.78,9.875,40.27,67.74,30.31439982,46.78,22.25,18,17.88,,25.99
38960,74.9,51.95,9.692857143,34.29,148.65,35.9,,71.7,25.7,62.71,29.25579732,80.97,43.9,66.35,64.66,61.9,45.66,44.72,52.54,64.4,10.095,40.55,67.67,31.5334295,49.46,22.405,19.57,21.99,,27.56
38989,78.85,49.2,10.99714286,36.27,169.17,39.12,,74.42,27.35,63.35,30.49904537,81.94,46.89,65.8,64.94,61.98,46.96,49.32,56.08,64.86,10.9525,41.9,67.1,33.28130294,44.39,22.34,20.57,22.98,,28.36
39021,79.86,48.78,11.58285714,37.33,189.79,41.92,,78.84,28.71,65.72,31.04173301,92.33,51.13,60.71,67.4,63.39,47.44,49.28,57.81,67.2,11.485,45.42,71.42,33.16477804,43.68,23.36,21.34,24.13,,26.65
39051,88.53,49.08,13.09428571,37.97,194.8,41.97,,81.46,29.36,64.53,32.61059364,91.92,51.81,62.03,65.91,62.79,46.28,46.1,58.72,72.32,12.36875,44.51,76.81,32.50195637,40.49,23.415,21.395,26.91,,27.49
39080,88.84,53.73,12.12,40.16,199.35,44.33,,77.93,29.86,62.52,33.8143735,97.15,53.69,61.33,66.02,64.27,48.3,46.18,60.67,73.53,12.37875,43.6,76.63,34.64146694,45.89,24.125,20.25,27.33,,25.9
39113,89.56,52.26,12.24714286,40.74,212.16,44.35,,74.3,30.86,68.02,34.70240782,99.15,50.85,64.07,66.8,64.87,50.93,47.69,58.22,72.88,12.35125,44.75,74.1,35.83215109,45.3,23.94,20.96,26.62,,26.24
39141,87.26,52.18,12.08714286,39.59,201.75,43.69,,74.08,28.17,65.64,33.7946394,92.94,50.75,64.43,62.93,63.49,49.39,48.31,56.87,68.52,13.05875,44.15,71.68,34.79030246,44.7,23.34,19.86,25.94,,24.96
39171,88.91,52.97,13.27285714,36.74,206.63,45.05,,76.43,27.87,65,33.97224626,94.26,51.77,67.03,60.26,63.16,48.38,46.95,56.4,73.96,13.2825,44.17,75.45,35.2740179,45.89,24,19.13,25.53,,25.26
39202,93,53.06,14.25714286,37.87,218.61,48.28,,82.77,29.94,67.13,34.5149339,102.21,54.1,72.62,64.22,64.4,52.1,47.92,60.67,77.79,13.465,51.44,79.38,35.51587562,43.9,26.095,21.5,26.74,,26.46
39233,100.59,54.77,17.313,38.87,230.82,50.55,,87.96,30.690125,70.55,34.96881811,106.6,54.17,78.58,63.27,63.55,51.83,47.6,64.98,81.49,14.1875,52.45,83.17,40.49256327,45.13,26.495,22.179875,26.92,,27.49
39262,96.16,51.14,17.43428571,39.35,216.75,50.76,,86.79,29.47,70.93,34.14,105.25,53.5,78.3,61.62,61.19,48.45,48.11,61.18,84.24,14.5725,49.8,83.88,38.29723937,43.54,26.155,23.739875,27.85,,25.57
39294,103.43,48.43,18.82285714,37.17,188.34,47.87,,88.92,28.99,72.97,33,110.65,50.78,78.8,60.5,61.86,44.01,45.95,58.54,85.26,14.1125,49.65,85.13,39.64606126,44.18,26.055,23.62,28.91,,23.51
39325,96.7,50.01,19.78285714,38.31,176.01,49.25,,90.99,28.73,74.63,33.6,116.69,50.54,75.77,61.79,65.31,44.52,43.63,58.62,87.76,14.085,50.17,85.73,38.95769698,45.07,26.89,25.75,31.92,,24.84
39353,104.99,48.43,21.92428571,32.44,216.74,54.47,,93.58,29.46,80.48,34.39,117.8,50.34,78.43,65.7,70.34,45.82,43.65,59.37,93.58,14.665,51.69,92.56,41.19022976,47.24,28.735,25.86,33.129875,,24.43
39386,98.59,49.15,27.13571429,31.51,247.92,59.749875,,86.36,36.81,76.59,34.63,116.12,52.21,74.61,65.17,69.52,47,45.21,60.95,91.51,16.565,58.26,91.99,42.85532712,39.65,30.88,26.9,33.06,,24.61
39416,92.54,55,26.03142857,28.56,226.64,58.47,,83.26,33.6,74.77,33.15,105.18,53.11,71.9,67.74,74,45.62,47.9,58.98,87.77,16.4125,59.36,89.16,40.19489223,36.59,31.05,26.08,28.02,,23.76
39447,87.46,58.2,28.29714286,26.94,215.05,58.91,,84.32,35.6,76.54,32.28,108.1,53.8,72.56,66.7,73.42,43.65,47.53,52.02,93.33,16.06,58.11,93.69,40.64139879,38.08,30.685,26.66,27.069875,,22.73
39478,83.18,50.84,19.33714286,30.64,199.55,53.58,,79.65,32.6,73.27,29.84,107.11,48.1,70.99,63.14,65.42,47.4,50.74,49.13,83.25,15.3325,46.1,86.4,36.12051991,35.04,29.5,21.1,24.5,,23.36
39507,82.79,46.48,17.86,26.55,169.63,54.11,,78.4,27.199875,70.51,32.41,113.86,46.41,72.33,61.96,66.18,40.65,49.59,42.3,86.66,15.05,44.3,87.01,33.78566271,36.51,29.23,19.969875,24.39,,22.28
39538,74.37,34.36,20.5,27.97,165.39,55.77,15.59,79.15,28.38,68.82,31.38,115.14,47.85,78.29,64.87,70.07,42.95,52.68,43.72,85.36,17,37.95,84.58,33.90659157,38.09,30.435,21.18,24.09,,20.93
39568,84.86,32.63,24.85,28.8,191.37,59.58,20.8625,76.9,28.52,72.47,32.43,120.7,50.4,81.88,67.09,67.05,47.65,57.98,48.02,96.15,16.7,38.04,93.07,35.95534259,34.85,29.435,22.26,25.64,,20.11
39598,82.77,34.21,26.96428571,27.36,176.41,59.32,21.59,77.56,28.32,71.04,33.6,129.43,49.81,82.64,66.74,66.05,43,57.74,46.35,99.15,17.0925,38.96,88.76,35.94599869,36.02,28.63,23.18,26.72,,19.36
39629,65.72,26.25,23.92,23.42,174.9,56.22,20.3275,69.59,27.51,61.7,31.2,118.53,43.4,73.82,64.34,60.81,34.31,56.2,37.67,99.13,14.9025,37.69,88.13,33.07742016,32.51,25.99,21.48,23.26,,17.47
39660,61.11,28.08,22.70714286,23.83,184.04,59.79,18.265,70.39,25.72,63.98,30.35,127.98,44.12,69.52,68.47,65.48,40.63,58.62,37.12,84.56,14.67,32.9,80.43,31.80664922,34.34,25.75,22.19,21.99,,18.67
39689,65.56,30.45,24.21857143,27.12,163.97,62,18.975,71.6,27.29,65.59,32.35,121.73,44.16,70.73,70.43,69.77,38.49,59.07,39.68,86.32,15.1525,35.67,80.01,32.81579085,36.43,26.035,22.87,24.05,,19.11
39721,57.35,25.39,16.23714286,25.89,128,61.7,15.3475,68.31,26.69,60.06,30.69,116.96,45.2,59.6,69.28,69.69,46.7,59.89,35.43,82.48,16.725,31.56,77.66,29.98458794,30.96,26.44,18.73,22.56,,18.44
39752,52.42,23.73,15.37,23.59,92.5,57.93,13.8375,64.3,22.33,54.96,25.91,92.97,42.55,38.2,61.34,64.54,41.25,55.81,27.5,74.6,14.4075,30.95,74.12,27.72336317,25.46,22.03,16.031,17.77,,17.71
39780,42.63,21.01,13.23857143,23.11,78.99,58.75,13.14,66.93,20.22,48.53,22.52,81.6,43.65,40.99,58.58,64.35,31.66,55.88,23.31,79.01,13.3125,26.72,80.15,30.50784656,24.74,23.435,13.8,16.54,,16.43
39813,42.67,26.6,12.19285714,23.02,84.39,62.19,13.1125,57.54,19.44,53.6,22.69,84.16,45.2,44.67,59.83,61.82,31.53,56.06,18.55,73.97,12.75,30.4,79.83,31.67583456,24.67,22.635,14.66,16.3,,17.71
39843,42.31,28.33,12.87571429,21.53,80.73,58.02,12.3375,53.79,17.1,47.99,20.68,91.65,38.64,30.85,57.69,54.5,25.51,47.12,16.73,70.52,11.3125,28.55,76.48,27.91024125,27.41,21.36,12.9,14.97,,14.58
39871,31.44,19.65,12.75857143,20.89,91.08,52.25,14.1775,45.46,16.15,40.83,16.77,92.03,36.15,24.61,50,48.17,22.85,49.24,12.06,60.71,10.3825,24.2,67.9,26.65815811,23.86,20.425,12.74,14.57,,12.31
39903,35.58,20.93,15.01714286,23.56,106.02,54.57,13.9,49.72,18.37,42.98,18.16,96.89,40.64,27.96,52.6,47.09,26.58,52.1,13.63,67.24,11.7225,26.75,68.1,28.21859008,25.96,21.975,15.03,16.77,,13.62
39933,40.05,23.52,17.97571429,26.32,128.5,53.29,16.24,57.6,20.26,48.84,21.9,103.21,41.14,35.58,52.36,49.44,33,50.4,25.22,66.1,13.1175,24.24,66.67,28.34940474,31.43,21.525,15.78,19.32,,13.36
39962,44.85,26.6,19.40142857,23.16,144.57,58.99,16.9275,57.1,20.89,52.61,24.22,106.28,40.66,35.46,55.16,51.94,36.9,49.74,24.85,66.67,14.2625,27.58,69.35,27.3402631,29.79,24.58,15.72,18.5,,15.19
39994,42.5,24.98,20.34714286,23.63,147.44,57.49,15.565,60.1,23.77,51.96,23.33,104.42,41.04,33.04,56.8,51.1,34.11,48.44,23.24,66.25,12.945,27.96,69.91,28.71381699,29.4,23.995,16.55,18.65,,15
40025,42.91,28.06,23.34142857,25.94,163.3,55.06,16.365,70.52,23.52,54.47,25.12,117.93,43.07,44.06,60.89,55.51,38.65,49.88,28.33,69.47,14.16,30.01,70.39,29.96590013,31.05,24.92,19.25,22.01,,15.93
40056,49.67,28,24.03,27.29,165.46,56.24,17.775,72.1,24.65,59.36,26.04,118.05,50.42,45.31,60.44,54.11,43.46,50.87,33.82,69.94,13.8475,32.43,69.15,29.00347802,33.88,24.385,20.32,21.6,,16.7
40086,54.15,25.04,26.47857143,26.64,184.35,57.07,17.2775,73.8,25.72,60.93,27.46,119.61,49.23,51.33,60.89,57.92,43.82,49.09,33.9,70.43,16.175,31.63,68.61,28.28399741,37.47,26.85,19.57,23.54,,16.55
40116,47.8,25.95,26.92857143,25.09,170.17,58.61,18.94,73.57,27.73,61.45,27.37,120.61,49.79,55.06,59.05,58,41.77,49.68,34.84,76.54,15.545,30.93,71.67,27.64861194,37.83,26.655,19.11,22.81,,17.03
40147,52.41,28.67,28.55857143,27.36,169.66,63.25,20.25,77.44,29.41,67.24,30.22,126.35,52.39,58.39,62.84,62.35,42.49,54.55,41.83,78.04,16.2225,36.21,75.07,29.39592198,38.89,28.6,19.2,23.4,,18.17
40178,54.13,30.48,30.10457143,28.93,168.84,62.44,21.865,82.67,30.48,69.41,32.25,130.9,49.86,56.99,64.41,60.63,41.67,53.45,40.52,76.99,16.5175,36.54,68.19,30.95635395,36.72,28.5,20.4,23.94,,18.19
40207,60.6,33,27.43757143,28.01,148.72,62.43,20.5075,80.49,28.18,67.48,29.55,122.39,50.67,52.24,62.86,61.55,38.94,53.43,37.66,72.12,15.9375,38.18,64.43,27.48976557,36.05,27.125,19.4,22.47,,18.66
40235,63.16,33.86,29.23142857,31.2,156.35,63.85,21.32,80.15,28.67,68.65,31.24,127.16,52.59,57.05,63,63.28,41.97,54.07,38.19,72.3,16.9,36.88,65,27.03191427,35.24,26.36,20.53,24.33,,17.55
40268,72.61,32.67,33.57142857,32.35,170.63,66.72,22.7575,83.57,29.2875,73.61,34.91,128.25,53.94,62.85,65.2,63.27,44.75,55.6,41.26,75.83,18.375,37.35,66.98,28.98479021,37.09,27.5,22.29,26.03,,17.15
40298,72.43,30.31,37.29857143,35.23,145.2,70.59,22.5575,88.67,30.535,74.95,36.84,129,50.74,68.09,64.3,62.16,42.58,53.64,46.12,81.44,18.9775,35.04,67.77,27.00388256,35.15,26.725,22.84,26.93,,16.72
40329,64.18,29.07,36.69714286,33.86,144.26,66.87,18.115,79.31,25.8,67.38,33.42,125.26,49.47,60.76,58.3,61.09,39.58,50.56,39.87,73.87,18.095,33.69,60.46,25.71442381,32.04,25.7,21.42,23.16,,15.23
40359,62.75,28.4,35.93285714,28.07,131.27,65.87,17.6875,78.99,23.01,64.91,31.5,123.48,49.25,60.07,59.06,59.98,36.61,48.07,39.7,67.86,16.8875,34.97,57.07,26.18161901,26.7,25.06,19.45,21.31,,14.26
40389,68.14,30.45,36.75,28.51,150.82,69.73,18.3375,85.54,25.81,71.1,33.69,128.4,50.45,69.75,58.09,61.16,40.28,51.19,44.64,76.21,18.41,34.46,59.68,29.06,28.55,27.555,20.6,23.07,,15
40421,61.13,31.72,34.72857143,27.82,136.93,73.06,17.245,78.55,23.465,65.21,32.54,123.13,48.99,65.16,57.02,59.67,36.36,50.14,39.87,74.08,17.5,35.16,59.11,29.53,26.88,27.94125,17.665,19.985,,15.91
40451,66.54,35.11,40.53571429,31.68,144.58,74.51,18.565,86.71,24.49,71.23,33.1,134.14,52.1,78.68,61.96,59.97,38.06,53.52,42.03,81.05,20.035,36.81,61.79,32.59,33.5,29.26,19.2,21.9,,17.17
40480,70.64,36.05,42.99714286,30.9,161.13,77.77,19.54,84.22,26.665,74.77,36.125,143.6,55.2,78.6,63.74,63.57,37.63,54.17,41.46,82.6,20.36,36.31,66.49,32.48,33.88,30.66,20.05,22.86,,17.415
40512,63.77,36.52,44.45,30.21,156.14,78.3,18.4625,83.98,25.2575,75.27,36.51,141.46,53.99,84.6,61.55,61.07,37.4,54.09,43.22,80.97,21.5325,34.47,69.56,32.01,34.85,31.585,21.1575,19.16,,16.3
40543,65.26,36.11,46.08,35.06,168.16,76.76,17.595,86.3,27.91,78.72,37.51,146.76,55.71,93.66,61.85,64.33,42.42,53.93,42.92,91.25,21.355,36.04,73.12,35.78,38.96,32.885,21.03,20.23,,17.51
40574,69.48,41.05,48.47428571,36.77,163.62,73.67,17.4625,87.92,27.725,81.3,38.87,162,56.26,97.01,59.77,63.13,44.94,56.07,43.38,94.93,20.62,33.17,80.68,35.62,40.44,31.425,21.46,21.15,,18.22
40602,72.01,42.58,50.45857143,37.47,163.78,75.68,18.2625,92.23,26.58,83.54,43.74,161.88,59.93,102.93,61.44,63.05,46.69,51.98,43.57,103.75,22.2575,32.57,85.53,36.92,43.34,31.96,21.47,18.56,,19.24
40633,73.93,45.2,49.78678571,37.06,158.6,76.09,18.405,93.5,25.39,84.65,43.09,163.07,59.48,111.35,59.25,61.6,46.1,52.05,45.2,107.49,18.925,33.01,84.13,38.54,40.14,33.17,20.18,17.15,,20.31
40662,79.78,49.23,50.01857143,37.15,151.01,78.31,19.53,97.21,25.92,89.58,43.1,170.58,63.28,115.41,65.72,64.9,45.63,54.98,49.08,109.44,20.58,35.95,87.98,37.78,42.72,33.73,23.15,17.52,,20.97
40694,78.03,48.95,49.69,36.28,140.73,81.54,20.265,94.38,25.01,87.77,41.63,168.93,62.08,105.8,67.29,67,43.24,55.22,51.6,104.91,21.1125,36.75,83.47,36.93,43.63,33.405,22.51,16.8,,21.45
40724,73.93,51.58,47.95285714,36.22,133.09,84.32,21.065,94.85,26,88.51,39.04,171.55,58.38,106.46,66.52,63.57,40.94,53.14,51.7,102.84,22.495,35.29,81.38,37.23,42.46,33.645,22.16,15.61,,20.6
40753,70.47,49.63,55.78285714,34.93,134.97,86.48,21.385,87.14,27.4,82.84,38.62,181.85,55.13,98.79,64.79,61.49,40.45,52.71,50.04,104.02,22.5375,34.13,79.79,35.29,39.04,34.005,22.33,15.97,,19.249
40786,66.86,47.52,54.97571429,33.38,116.22,90.41,21.97,82.98,26.6,74.25,34.06,171.91,50.46,91,65.8,63.68,37.56,53.19,49.71,98.84,21.6625,33.095,74.02,36.165,35.21,35.225,20.13,15.67,,18.98
40816,60.51,46.12,54.47428571,32.87,94.55,87.82,21.43,71.79,24.89,70.36,30.16,174.87,48.73,73.84,63.69,63.18,30.12,51.9,44.9,92.59,21.3775,32.7,72.63,36.8,32.89,33.78,21.335,15.5,,17.68
40847,65.79,47.99,57.82571429,35.8,109.55,92.85,23.315,79.02,26.63,77.98,34.88,184.63,58.35,94.46,64.39,63.99,34.76,56.72,50.62,105.05,24.0875,34.5,78.09,36.98,33.2,34.16,24.54,18.53,,19.26
40877,68.69,48.77,54.6,39.22,95.86,95.52,24.2425,81.04,25.58,76.6,35.85,188,56.25,97.88,64.72,64.57,30.97,58.9,48.04,102.82,24.045,35.75,80.44,37.73,33.72,33.615,24.91,18.64,,20.07
40907,73.35,50.68,57.85714286,42.04,90.43,100.33,25.3825,81.73,25.96,73.09,37.5,183.88,59.17,90.6,65.58,66.71,33.25,59.76,47.17,106.4,24.0925,37.7,84.76,40.12,33.06,34.985,24.25,18.08,,21.64
40939,74.18,51.79,65.21142857,44.39,111.47,99.05,25.16,86.71,29.53,78.35,38.9,192.6,58.3,109.12,65.91,63.04,37.3,61.36,50.14,103.12,25.9975,38.27,83.74,37.66,33.36,33.765,26.42,19.645,,21.4
40968,74.95,55.75,77.49142857,47.57,115.14,99.28,29.0925,87.6,31.74,83.87,41.99,196.73,57.97,114.21,65.08,67.62,39.24,59.08,52.89,109.12,26.98,38.17,86.5,38.11,33.16,34.93,26.88,19.88,,21.125
40998,74.37,58.94,85.65,50.31,124.37,98.1,29.5,89.21,32.255,82.94,43.78,208.65,59.2,106.52,65.96,67.21,45.98,61.2,57.86,107.21,27.11,38.4,86.73,38.23,33.49,37.005,28.115,21.15,,22.645
41029,76.8,56.15,83.42571429,51.79,115.15,97.45,30.745,89.36,32.015,81.64,43.11,207.08,64.32,102.77,65.1,63.64,42.98,58.91,60.21,106.56,27.9675,39.24,86.34,40.38,35.06,38.16,28.395,20.155,,22.9
41060,69.61,55.77,82.53285714,49.34,95.7,89.34,28.8,84.41,29.19,74.11,45.71,192.9,62.49,87.62,62.43,62.29,33.15,65.82,55.83,98.31,27.045,37.58,78.63,41.64,30.52,37.365,25.84,16.33,,21.87
41089,74.3,58.5,83.42857143,52.99,95.86,88.53,30.9075,89.6,30.59,75.53,48.5,195.58,63.84,84.91,67.56,61.25,35.73,69.72,58.21,105.5,21.945,41.75,85.57,44.44,29.58,39.095,26.65,17.17,,23
41121,73.91,51.09,87.25142857,52.18,100.9,89.36,32.2675,91.23,29.47,74.44,49.14,195.98,62.65,84.21,69.22,64.54,36,74.43,57.71,109.58,23.3375,44.17,86.85,45.14,36.36,40.4,25.7,15.95,,24.04
41152,71.4,54.3,95.03428571,56.75,105.72,89.49,32.0625,92.6,30.82,79.85,49.47,194.85,64.74,85.33,67.43,67.19,37.14,72.6,58.3,112.16,24.34,43.05,87.3,42.94,35.76,37.4,24.83,19.08,,23.86
41180,69.595,55.41,95.30071429,60.37,113.68,91.75,33.57,92.42,29.76,78.29,52.28,207.45,68.26,86.04,68.91,69.36,40.48,73.8,56.86,116.56,23.7275,45.095,91.45,45.57,36.44,37.93,22.655,19.095,,24.85
41213,70.44,56,85.04571429,61.38,122.39,86.8,34.69,87.6,28.54,78.16,49.12,194.53,70.94,84.81,70.82,69.24,41.68,75.02,55.97,110.2406875,22.845,45.63,91.17,44.64,35.23,37.18,21.63,17.145,,24.87
41243,74.28,54.39,83.61142857,65.07,117.79,87.04,37.4275,90.95,26.615,80.11,49.66,190.07,70.82,85.24,69.73,69.83,41.08,72.02,55.9,105.69,24.37,44.3,88.14,44.12,33.91,37.92,19.565,18.91,,25.02
41274,75.36,54.24,76.02470536,61.85,127.56,88.21,37.895,92.85,26.7096875,82.01,49.79,191.55,71.82,89.6085,70.1,67.89,43.969125,68.23,57.48,108.14,25.8,40.94,86.55,43.27,37.01,36.25,20.62,19.649375,,25.0793125
41305,73.87,55.21,65.07,66.92,147.86,95.29,39.4775,100.55,27.45,87.57,53.88,203.07,78.46,98.39,73.92,75.16,47.05,69.95,58.81,115.15,27.025,43.25,89.97,43.61,39.96,37.24,21.04,20.57,,27.28
41333,76.9,53.45,63.05714286,68.5,149.76,95.9,39.66,104,27.8,90.55,54.59,200.83,80.42,92.37,76.11,76.18,48.92,70.78,62.15,117.15,27.23,42.73,89.55,46.53,40.94,38.72,20.88,20.855,,27.37
41362,85.85,57.21,63.23714286,69.78,147.15,99.69,42.46,106.31,28.605,93.43,56.8,213.3,84.19,86.97,81.53,77.06,47.46,74.83,67.46,118.82,29.505,44.2,90.11,49.15,47.68,40.44,21.835,20.895,,28.86
41394,91.41,59.93,63.25428571,73.35,146.07,102.14,42.115,104.71,33.1,91.29,62.84,202.54,85.41,84.67,85.23,76.77,49.01,77.72,68.41,122.01,31.8,47,88.99,53.91,49.51,42.33,23.95,20.92,,29.07
41425,99.02,62.63,64.24785714,78.66,162.08,96.57,44.535,110.27,34.9,94.9,63.08,208.02,83.72,85.8,84.18,76.76,54.59,74.84,75.71,122.75,30.83,46.7,90.47,48.48,47.76,39.99,24.28,24.115,,27.23
41453,102.44,65.48,56.64714286,77.47,151.25,99,45.6875,109.35,34.545,92.94,63.15,191.11,79.92,82.49,85.86,76.99,52.79,74.49,74.76,118.34,31.84,46.45,90.35,50.34,44.2,40.11,24.23,24.335,,28.01
41486,105.1,72.85,64.64714286,79.03,164.03,98.08,44.2525,117.43,31.84,105.57,64.65,195.04,83.55,82.91,93.5,80.3,55.73,77.94,73.77,125.89,31.46,48.17,93.75,49.48,50.25,40.08,23.335,25.59,,29.23
41516,103.92,71.74,69.60228571,74.49,152.13,94.36,43.605,113.58,33.4,100.1,60.83,182.27,79.9,82.54,86.41,77.89,50.53,72.98,71.91,120.43,31.41,47.29,87.16,47.38,48.07,38.18,21.98,23.31,,28.21
41547,117.5,71.61,68.10714286,75.85,158.21,96.21,47.775,119.41,33.28,107.82,64.49,185.18,84.77,83.4,86.69,75.59,51.69,73.96,75.52,121.5,36.32,47.609,86.04,46.675,53.8,37.88,22.921,23.431,,28.725
41578,130.5,68.26,74.67171429,77.89,160.86,96.52,49.1675,125.85,35.405,106.25,68.59,179.21,86.3,83.36,92.61,80.75,51.54,76.75,81.8,119.96,37.88,45.09,89.62,50.51,59.24,39.57,24.47,22.56,,30.685
41607,134.25,74.48,79.43857143,80.67,168.94,97.37,50.865,133.51,38.13,110.86,70.54,179.68,90.74,84.6,94.66,84.22,57.22,81.01,85.8,122.44,39.57,49.83,93.48,49.62,59.2,40.19,23.84,21.25,,31.73
41639,136.49,75.3,80.14571429,82.34,177.26,97.03,55.67,140.25,37.41,113.8,76.4,187.57,90.54,90.81,91.59,81.41,58.48,78.69,90.73,124.91,39.32,50.05,101.2,49.14,57.44,41.31,25.955,22.43,,30.63
41670,125.26,72.28,71.51428571,76.85,164.12,94.17,53.8575,128.19,37.84,114.02,72.61,176.68,81.28,93.91,88.47,76.62,55.36,74.68,85.02,111.63,36.425,52.97,92.16,48.02,57.35,37.82,24.54,21.91,,30.4
41698,128.92,77.27,75.17714286,82.03,166.45,95.15,56.485,134.73,38.31,117.02,80.81,185.17,83.84,96.97,92.12,78.66,56.82,74.7,91.28,115.33,39.15,56.99,96.27,47.58,67.95,38.2,24.76,21.8,,32.11
41729,125.49,81.99,76.67714286,79.13,163.85,98.03,53.965,135.66,40.99,116.84,80.07,192.49,85.1,99.37,98.23,80.6,60.71,76.43,90.03,118.91,36.93,56.77,97.68,47.57,66.03,38.66,25.814,22.415,,32.12
41759,129.02,75.04,84.29857143,79.51,159.82,101.38,50.6525,139.09,40.4,118.33,79.34,196.47,90.58,105.4,101.29,82.55,55.98,79.71,87.43,125.52,36.475,58.56,102.41,46.73,67.9,40.79,26.69,23.11,,31.28
41789,135.25,79.63,90.42857143,80.23,159.81,101.43,53.7075,142.55,40.94,116.22,84.01,184.36,93.45,102.23,101.46,80.79,55.57,76.77,91.5,122.79,38.455,57.86,100.53,49.96,71.91,40.91,27.32,24.62,,29.63
41820,127.23,81.75,92.93,80.96,167.44,100.74,52.6775,143.24,41.7,115.45,85.74,181.27,94.07,108.67,104.62,78.59,57.62,75.07,94.87,130.55,38.775,57.85,100.68,48.93,74.13,42.36,30.9,24.85,,29.68
41851,120.48,81.05,95.6,80.85,172.87,94.56,52.7525,140.89,43.16,105.15,85.88,191.67,89.56,100.75,100.09,77.32,57.67,73.58,88,129.24,38.565,56.74,98.94,50.42,68.77,39.29,33.89,25.23,,28.7
41880,126.8,86.68,102.5,93.5,179.11,93.72,53.13,144,45.43,107.98,89.88,192.3,94.71,109.07,103.73,83.11,59.45,75.5,89.55,129.45,39.275,60.11,99.46,49.82,60.52,41.72,34.92,24.99,,29.39
41912,127.38,86.25,100.75,91.74,183.57,94.81,53.3425,141.68,46.36,105.6,89.03,189.83,93.94,99.03,106.59,83.74,60.24,76.47,87.54,119.32,44.6,59.28,94.05,49.99,59.27,42.66,34.82,25.17,,29.57
41943,124.91,95.01,108,97.52,189.99,93.73,60.3575,153.77,46.95,107,91.38,164.4,100.8,101.41,107.78,87.27,60.48,76.27,89.95,119.95,46.485,57.94,96.71,50.25,64.22,41.88,34.01,24.47,,29.95
41971,134.36,98.63,118.93,99.4,188.41,96.81,64.5475,160.09,47.81,110.08,92.51,162.17,104.45,100.6,108.25,90.43,60.16,87.54,92.42,108.87,49.645,60.4,90.54,50.59,68.61,44.83,37.25,27.64,,31.15
42004,129.98,101.09,110.38,104.97,193.83,93.7,65.55,164.32,46.45,115,94.19,160.44,105.85,91.53,104.57,91.09,62.58,85.88,93.04,112.18,48.075,56.79,92.45,46.78,76.2,42.22,36.29,27.815,,31.15
42034,145.37,106.25,117.16,104.42,172.41,92.44,63.7275,162.3,40.4,114.78,90.96,153.31,102.82,79.97,100.14,84.29,54.38,84.98,80.69,102.53,46.125,60.28,87.42,45.71,73.75,41.17,33.04,26.365,,31.25
42062,150.85,113.63,128.46,114.75,189.79,98.9,67.8275,168.65,43.85,121.91,104.08,161.94,107.44,82.9,102.51,85.13,61.28,83.93,81.59,106.68,48.56,58.54,88.54,49.45,83.08,43.3,33.25,29.51,,34.32
42094,150.08,118.29,124.43,113.61,187.97,97.44,65.41,164.95,40.655,117.2,104.89,160.5,108.13,80.03,100.6,81.94,60.58,82.25,78.12,104.98,50.165,57.48,85,48.63,84.68,40.55,31.27,27.525,,34.79
42124,143.34,111.4,125.15,106.98,196.42,96.55,66.05,156.39,48.64,113.75,108.72,171.29,101.11,86.88,99.2,79.51,63.26,78.05,77.45,111.06,49.42,59.56,87.37,50.44,82.93,40.56,32.55,28.83,,33.93
42153,140.52,120.21,130.28,111.42,206.19,95.93,68.68,159.08,46.86,117.17,110.37,169.65,101.12,85.32,100.14,78.39,65.78,74.27,79.72,103,50.835,60.89,85.2,49.44,85.84,40.96,34.46,29.31,,34.75
42185,138.72,122,125.425,111.13,208.79,95.07,67.15,154.3,44.15,110.93,114.14,162.66,96.66,84.82,97.46,78.24,67.76,70.93,77.72,96.47,54.01,56.93,83.2,46.61,84.44,39.23,30.415,27.46,,33.53
42216,144.17,121.4,121.3,117.03,205.07,99.86,75.34,151.34,46.7,100.31,120,161.99,106.12,78.63,100.21,76.7,68.53,71.98,76.06,88.48,57.61,58.96,79.21,46.79,96.63,41.08,28.95,28.42,,36.06
42247,130.68,115.7,112.76,116.46,188.6,95.02,71.3,142.14,43.52,91.61,101.88,147.89,99.55,76.44,93.98,70.67,64.1,64.73,76.72,80.99,55.875,53.85,75.24,46.01,86.55,39.32,28.54,25.88,,32.22
42277,130.95,116.01,110.3,115.49,173.76,98.53,69.66,141.77,44.26,88.99,102.2,144.97,99.53,65.36,93.35,71.94,60.97,64.84,74.13,78.88,61.485,49.39,74.35,43.51,83.1,40.12,30.14,26.25,,31.41
42307,148.07,117.78,119.5,123.64,187.5,112.25,77.58,157.21,52.64,98.41,113.74,140.08,112.89,72.99,101.03,76.38,64.25,57.24,73.26,90.88,65.515,54.66,82.74,46.88,84.68,42.35,33.86,28.85,,33.82
42338,145.45,112.71,118.3,133.88,190.02,114.16,79.01,156.58,54.35,96.05,113.47,139.42,114.57,72.65,101.24,74.84,66.68,58.84,71.64,91.32,66.14,53.01,81.66,45.45,84.03,42.62,34.77,27.25,,32.77
42369,144.59,117.64,105.26,132.25,180.23,118.14,77.55,150.64,55.48,96.07,105.08,137.62,112.86,67.96,102.72,79.41,66.03,61.3,69.55,89.96,62.5,52.82,77.95,46.22,85.155,42.96,34.45,27.155,,32.28
42398,120.13,115.16,97.34,125.76,161.56,123.78,74.49,151,55.09,87.69,95.82,124.79,107.04,62.24,104.44,81.69,59.5,66.36,53.5,86.47,62.01,50.67,77.85,49.97,79.72,42.92,31.02,23.79,,30.49
42429,118.18,119.1,96.69,124.12,149.53,117.19,72.39,156.87,50.88,96.62,95.52,131.03,107.52,67.7,105.21,80.29,56.3,66.34,55.58,83.44,61.59,50.21,80.15,50.73,78.94,43.13,29.59,26.18,,29.67
42460,126.94,128.9,108.99,133.43,156.98,125.68,76.48,166.63,55.23,100.1,99.31,151.45,116.71,76.54,108.2,82.31,59.22,68.49,61.4,95.4,61.47,52.91,83.59,54.08,84.24,46.39,32.35,28.47,,29.64
42489,134.8,131.68,93.74,133.89,164.11,126.49,77.24,167.38,49.87,104.37,103.26,145.94,109.9,77.72,112.08,80.12,63.2,66.87,65.43,102.18,58.94,54.84,88.4,50.94,79.28,44.8,30.28,27.49,,32.71
42521,126.15,133.67,99.86,132.12,159.48,122.06,78.94,168.32,53,100.58,99.22,153.74,114.14,72.51,112.69,81.04,65.27,70.78,65.76,101,55.22,56.26,89.02,50.9,77.4,44.6,31.59,29.05,,34.7
42551,129.87,141.2,95.6,127.69,148.58,120.34,74.17,175.12,51.17,102.55,97.82,151.78,119.04,75.81,121.3,84.67,62.14,73.02,60.76,104.83,55.2,57.61,93.74,55.84,83.27,45.33,32.8,28.69,,35.21
42580,133.66,143.2,104.21,138.24,158.81,117.65,78.05,178.36,56.68,107.65,95.95,160.62,116.22,82.76,125.23,85.59,63.97,72.97,64.46,102.48,55.5,58.66,88.95,55.41,79.25,43.63,34.86,30.53,,36.89
42613,129.45,136.05,106.1,134.12,169.46,115.66,80.9,179.24,57.46,106.43,94.46,158.88,118.71,81.95,119.34,87.31,67.5,71.44,65.58,100.58,57.64,62.79,87.14,52.33,80.71,43.43,35.89,31.44,,34.8
42643,131.74,140,113.05,128.68,161.27,115.36,82.7,176.23,57.6,101.6,92.86,158.85,114.55,88.77,118.13,89.75,66.59,72.12,64.04,102.92,52.65,62.41,87.28,51.98,80.62,42.32,37.75,31.72,,33.87
42674,142.43,141.33,113.54,122.01,178.24,112.57,82.51,165.3,59.92,102.2,92.69,153.69,108.18,83.46,115.99,86.8,69.26,70.02,66.42,104.75,50.18,58.72,83.32,48.1,82.73,42.4,34.87,30.68,,31.71
42704,150.56,158.32,110.52,129.4,219.29,119.27,77.32,171.74,60.26,107.72,99.12,162.22,113.35,95.56,111.3,82.46,80.17,70.43,72.04,111.56,50.07,61.19,87.3,49.9,84.73,40.35,34.7,29.82,,32.14
42734,155.68,160.04,115.82,134.08,239.45,121.72,78.02,178.57,62.14,109.62,104.22,165.99,122.42,92.74,115.21,84.08,86.29,69.12,74.08,117.7,50.83,58.87,90.26,53.38,82.76,41.46,36.27,30.22,,32.48
42766,163.42,162.1,121.35,137.58,229.32,122.57,82.71,174.82,64.65,109.67,110.65,174.52,117.78,95.66,113.25,87.6,84.63,66.74,76.38,111.35,52.9,61.99,83.89,49.01,81.94,41.57,36.82,30.72,,31.73
42794,180.23,165.38,136.99,144.91,248.06,127.65,87.94,186.35,63.98,112.55,110.09,179.82,122.24,96.66,122.21,91.07,90.62,70.93,80.06,112.5,57.16,65.87,81.32,49.63,86.38,41.96,36.2,34.18,,34.12
42825,176.86,164.01,143.66,146.83,229.72,129.61,88.87,191.33,65.86,112.21,113.39,174.14,120.54,92.76,124.55,89.85,87.84,72.08,79.11,107.37,55.73,63.54,82.01,48.75,83.05,42.44,36.07,33.8,,34.21
42853,184.83,174.88,143.65,156.1,223.8,139.93,91.22,195.83,68.46,118.99,115.6,160.29,121.66,102.26,123.47,87.33,87,75.18,79.25,106.7,55.41,62.33,81.65,45.91,86.54,43.15,36.15,34.07,,33.92
42886,187.63,175.18,152.76,153.51,211.26,150.89,95.23,204.47,69.84,121.28,107.94,152.63,124.85,105.43,128.25,88.09,82.15,78.6,76.94,103.48,52.99,65.11,80.5,46.64,81.02,45.47,36.11,31.53,,32.65
42916,197.75,185.42,144.02,153.4,221.9,153.16,93.78,208.19,68.93,122.11,106.25,153.83,126.53,107.46,132.29,87.15,91.4,75.68,84.24,104.33,59,64.09,80.73,44.66,78.31,44.85,33.74,31.3,,33.59
42947,242.46,191.81,148.73,149.6,225.33,155.14,99.56,201.17,72.7,118.57,109.93,144.67,128.09,113.95,132.72,90.82,91.8,79.99,85.23,109.19,59.05,63.88,80.04,48.4,80.67,45.84,35.47,31.45,,33.16
42978,239.66,198.9,164,149.87,223.74,159.97,103.52,204.32,74.77,119.72,101.2,143.03,121.18,117.49,132.37,92.27,90.89,78.07,86.1,107.62,52.81,63.86,76.33,47.97,81.5,45.55,35.07,32.21,,33.92
43007,254.21,195.85,154.12,163.56,237.19,156.68,105.24,209.9,74.49,116.08,98.57,145.08,122.52,124.71,130.01,90.98,95.51,78.14,90.46,117.5,51.85,64.03,81.98,49.49,77.22,45.01,38.08,33.63,,35.7
43039,257.98,210.22,169.04,165.78,242.48,166.91,109.98,230.19,83.18,119.76,97.81,154.06,132.45,135.8,139.41,86.34,100.61,87.31,95.52,115.89,54.99,55.09,83.35,47.87,66.27,45.98,45.49,34.15,,35.06
43069,276.8,228.17,171.85,179.82,247.64,171.97,112.59,243.14,84.17,121.45,104.82,153.97,135.57,141.15,139.33,89.99,104.52,97.23,97.71,118.99,60.42,55.27,83.29,50.89,72.76,45.77,44.84,37.3,,36.26
43098,294.91,220.46,169.23,189.53,254.76,172.12,114.02,235.37,85.54,127.57,107.51,153.42,135.64,157.58,139.72,91.88,106.94,98.75,99.31,125.19,62.55,56.27,83.64,52.93,72.62,45.88,46.16,38.3,,36.22
43131,354.37,236.78,167.43,200.9,267.89,171.14,124.23,250.5,95.01,138.01,108.67,163.7,149.92,162.78,138.19,86.34,115.67,106.6,99.4,125.35,68.22,59.25,87.3,54.07,75.26,47.59,48.14,41.54,,37.04
43159,362.21,226.16,178.12,182.27,262.93,157.74,122.94,235.51,93.77,134.74,103.16,155.83,139,154.63,129.88,78.52,115.5,90.01,97.51,111.92,67.03,54.22,75.74,47.74,68.89,43.22,49.29,44.78,,36.31
43189,327.88,214,167.78,178.24,251.86,156.38,119.62,219.52,91.27,125.82,100.44,153.43,138.86,147.38,128.15,79.28,109.97,88.97,93.28,114.04,66.44,54.47,74.61,47.82,65.47,43.43,52.08,42.89,,35.49
43220,333.56,236.4,165.26,184.8,238.33,167.44,126.88,194.39,93.52,120.15,100.33,144.96,131.6,144.36,126.49,72.34,108.78,88.46,98.75,125.11,68.39,58.87,77.75,49.35,66.45,43.21,51.62,44.29,,36.61
43251,352.16,241.51,186.87,186.55,225.88,160.01,130.72,197.23,98.84,124.82,99.47,141.31,128.52,151.91,119.62,73.17,107.01,82.54,98.3,124.3,71.8,59.53,81.24,47.67,62.39,43,55.2,42.71,,35.93
43280,335.51,245.34,185.11,195.1,220.57,156.69,132.45,196.72,98.61,125.03,104.81,139.7,122.34,135.67,121.34,78.06,104.2,85.65,98,126.43,79.68,60.7,82.73,50.31,60.015,43.86,49.71,43.03,,36.28
43312,356.3,253.22,190.29,197.52,237.43,157.54,136.74,212.32,106.08,135.74,113.56,144.93,130.14,143.8,132.52,80.88,114.95,89.23,99.52,126.27,76.91,65.87,81.51,51.64,67.62,46.63,48.1,42.29,,39.93
43343,342.79,268.46,227.63,200.77,237.81,162.23,146.89,210.92,112.33,131.7,112.02,146.48,131.6,138.85,134.69,82.95,114.58,95.86,105.98,118.46,82.2,68.59,80.17,54.37,68.56,44.57,48.43,47.77,,41.52
43371,371.9,266.04,225.74,207.15,224.24,167.29,150.09,210.71,114.37,139.81,116.94,151.21,129.71,152.49,138.17,83.23,112.84,93.91,106.49,122.28,84.72,70.94,85.02,53.39,72.9,46.19,47.29,48.65,,44.07
43404,354.86,261.35,218.86,175.88,225.37,176.9,137.85,190.26,106.81,124.21,114.83,115.43,125.13,121.32,139.99,88.68,109.02,100.28,102.73,111.65,75.04,73.61,79.68,57.09,79.77,47.88,46.88,45.75,,43.06
43434,346.76,281.36,178.58,180.32,190.69,188.51,141.71,207.92,110.89,121.84,115.49,124.27,130.37,135.67,146.9,94.51,111.19,97.65,112.27,118.94,75.12,79.34,79.5,60.3,84.67,50.4,49.31,47.87,,46.23
43465,322.5,249.12,157.74,171.82,167.05,177.57,131.94,190.54,101.57,106.48,109.65,113.67,119.75,127.07,129.05,91.92,97.62,93.15,95.32,108.79,74.14,76.41,68.19,56.22,68.33,47.35,46.93,43.33,,43.65
43496,385.62,270.2,166.44,183.53,198.01,178.78,135.01,200.3,104.43,118.07,111.52,134.42,125.54,133.16,133.08,96.47,103.5,95.83,102.7,114.65,81.88,74.43,73.28,55.06,72.26,48.13,47.12,47.29,,42.45
43524,439.96,242.22,173.15,185.14,196.7,183.84,148.12,207.39,112.03,125.67,112.84,138.13,132.91,137.34,136.64,98.55,104.36,98.99,107.74,119.58,85.73,81.29,79.03,56.92,71.19,45.34,52.96,51.77,,43.35
43553,381.42,247.26,189.95,191.89,191.99,189.9,156.19,207.78,117.94,128.89,111.03,141.1,137.16,135.49,139.79,104.05,101.23,97.53,109.3,123.18,84.21,83.17,80.8,59.13,63.27,46.86,53.7,53.99,51.63,42.47
43585,377.69,233.07,200.67,203.7,205.92,197.57,164.43,189.51,130.6,142.61,136.97,140.27,143.75,139.42,141.2,106.48,116.05,102.84,117.23,120.06,87.83,78.71,80.28,57.19,53.57,49.06,51.04,55.95,56.73,40.61
43616,341.61,241.8,175.07,189.85,182.49,198.27,161.33,159.75,123.68,126.3,132.04,126.99,145.57,119.81,131.15,102.91,105.96,101.44,114.71,113.85,77.14,79.21,70.77,54.35,49.34,49.13,44.04,52.03,46.76,41.52
43644,364.01,244.01,197.92,207.97,204.6,207.66,173.55,173.34,133.96,130.2,139.64,137.9,149.52,136.29,139.28,109.65,111.8,110.49,123.44,124.44,83.95,83.85,76.63,57.13,54.67,50.92,47.87,54.73,49.31,43.32
43677,341.18,249.01,213.04,213.69,220.13,210.72,178,174.72,136.27,133.6,143.01,148.24,146.62,131.67,130.22,118.04,116,110.38,124.37,123.11,86.03,82.99,74.36,55.27,54.49,52.63,50.55,55.4,48.44,38.84
43707,364.09,234,208.74,227.91,203.91,217.97,180.82,161.72,137.86,130.24,137.26,135.53,146.96,119,128.36,120.23,109.86,114.26,120.37,117.72,84.5,86.47,68.48,58.16,51.19,55.04,47.41,46.81,42.63,35.55
43738,380.47,217.32,223.97,232.02,207.23,214.71,172.01,164.4,139.03,136.52,130.32,145.42,148.69,126.31,129.38,124.38,117.69,118.68,118.28,118.6,93.92,84.18,70.61,60.36,55.31,54.44,51.53,49.41,47.65,35.93
43760,338.2741089,248.9499969,241.625,236.6399994,210.1000061,202.8175964,176.3099976,165.6100006,139.3699951,139.6450043,132.9700012,132.1999969,132.3699951,131.6049957,129.8549957,122.5500031,123.5199966,119.6699982,118.5699997,116.9400024,95.61000061,80.56500244,68.87000275,60.74000168,54.63000107,54.19499969,52.05500031,47.78689957,46.25,36.625
